partition,round,client_id,samples,label_js,temporal_acf_distance,representation_distance,update_cosine_distance,parameter_distance,client_train_accuracy,global_test_accuracy
subject,1,0,1904,0.0015147488857825244,0.022583801343862453,0.06886085867881775,0.05288352886653236,2.7976250648498535,0.29884453781512604,0.2690872073294876
subject,1,1,1701,2.0809742476043643e-05,0.014237425326388504,0.08964821696281433,0.03703556436633404,2.4684789180755615,0.30746619635508526,0.2690872073294876
subject,1,2,1870,0.0008598389398690775,0.022101645890531436,0.15088441967964172,0.03795018063238842,2.818617105484009,0.3235294117647059,0.2690872073294876
subject,1,3,1877,0.0002034537400892923,0.009499768020221436,0.0641770139336586,0.027560168566955645,2.7899394035339355,0.2866275972296217,0.2690872073294876
subject,2,0,1904,0.0015147488857825244,0.022583801343862453,0.0889459103345871,0.036657565853202345,2.1804420948028564,0.35766806722689076,0.332880895826264
subject,2,1,1701,2.0809742476043643e-05,0.014237425326388504,0.0611896775662899,0.031909743022111914,2.1713879108428955,0.36860670194003525,0.332880895826264
subject,2,2,1870,0.0008598389398690775,0.022101645890531436,0.23478180170059204,0.0632514590598433,2.210714817047119,0.40106951871657753,0.332880895826264
subject,2,3,1877,0.0002034537400892923,0.009499768020221436,0.01695982553064823,0.025707563078976592,2.162815570831299,0.3329781566329249,0.332880895826264
subject,3,0,1904,0.0015147488857825244,0.022583801343862453,0.14377319812774658,0.13836146436717078,1.611968755722046,0.37289915966386555,0.36240244316253817
subject,3,1,1701,2.0809742476043643e-05,0.014237425326388504,0.3485444486141205,0.22256151574157534,1.7560256719589233,0.3821281599059377,0.36240244316253817
subject,3,2,1870,0.0008598389398690775,0.022101645890531436,0.3091253936290741,0.1482498666659141,1.4197884798049927,0.4502673796791444,0.36240244316253817
subject,3,3,1877,0.0002034537400892923,0.009499768020221436,0.14469534158706665,0.3619044060749561,1.2707196474075317,0.3878529568460309,0.36240244316253817
subject,4,0,1904,0.0015147488857825244,0.022583801343862453,0.1800597906112671,0.1313430358876615,0.8556541204452515,0.4579831932773109,0.47573803868340686
subject,4,1,1701,2.0809742476043643e-05,0.014237425326388504,0.2251160889863968,0.16400969551282052,0.8807971477508545,0.4585537918871252,0.47573803868340686
subject,4,2,1870,0.0008598389398690775,0.022101645890531436,0.3060716390609741,0.11526987541728628,1.0495519638061523,0.513903743315508,0.47573803868340686
subject,4,3,1877,0.0002034537400892923,0.009499768020221436,0.14201559126377106,0.12066025741847963,1.093542218208313,0.5189131592967501,0.47573803868340686
subject,5,0,1904,0.0015147488857825244,0.022583801343862453,0.1673678159713745,0.4687312776865752,0.9632554650306702,0.46743697478991597,0.47132677298948084
subject,5,1,1701,2.0809742476043643e-05,0.014237425326388504,0.10432048887014389,0.5251857665074411,0.6710058450698853,0.4403292181069959,0.47132677298948084
subject,5,2,1870,0.0008598389398690775,0.022101645890531436,0.23119452595710754,0.4134212896325865,0.7673553228378296,0.5235294117647059,0.47132677298948084
subject,5,3,1877,0.0002034537400892923,0.009499768020221436,0.047690071165561676,0.40058493860836564,0.5609316229820251,0.5061267980820459,0.47132677298948084
