seed,round,metric,outcome,spearman_rho,p_value,n_clients
42,1,representation_distance,personalization_gain,0.7999999999999999,0.20000000000000007,4
42,1,representation_distance,alpha_star,0.39999999999999997,0.6,4
42,1,update_cosine_distance,personalization_gain,0.39999999999999997,0.6,4
42,1,update_cosine_distance,alpha_star,0.7999999999999999,0.20000000000000007,4
42,1,temporal_acf_distance,personalization_gain,0.7999999999999999,0.20000000000000007,4
42,1,temporal_acf_distance,alpha_star,0.39999999999999997,0.6,4
42,2,representation_distance,personalization_gain,-0.7999999999999999,0.20000000000000007,4
42,2,representation_distance,alpha_star,-0.632455532033676,0.367544467966324,4
42,2,update_cosine_distance,personalization_gain,-0.19999999999999998,0.8,4
42,2,update_cosine_distance,alpha_star,0.316227766016838,0.683772233983162,4
42,2,temporal_acf_distance,personalization_gain,-0.19999999999999998,0.8,4
42,2,temporal_acf_distance,alpha_star,0.316227766016838,0.683772233983162,4
42,3,representation_distance,personalization_gain,-0.9486832980505139,0.05131670194948612,4
42,3,representation_distance,alpha_star,-0.9486832980505139,0.05131670194948612,4
42,3,update_cosine_distance,personalization_gain,0.10540925533894598,0.894590744661054,4
42,3,update_cosine_distance,alpha_star,0.10540925533894598,0.894590744661054,4
42,3,temporal_acf_distance,personalization_gain,-0.316227766016838,0.683772233983162,4
42,3,temporal_acf_distance,alpha_star,-0.316227766016838,0.683772233983162,4
42,4,representation_distance,personalization_gain,-0.19999999999999998,0.8,4
42,4,representation_distance,alpha_star,-0.2581988897471611,0.7418011102528389,4
42,4,update_cosine_distance,personalization_gain,1.0,0.0,4
42,4,update_cosine_distance,alpha_star,0.2581988897471611,0.7418011102528389,4
42,4,temporal_acf_distance,personalization_gain,-0.39999999999999997,0.6,4
42,4,temporal_acf_distance,alpha_star,-0.7745966692414834,0.22540333075851657,4
42,5,representation_distance,personalization_gain,1.0,0.0,4
42,5,representation_distance,alpha_star,-0.19999999999999998,0.8,4
42,5,update_cosine_distance,personalization_gain,-0.39999999999999997,0.6,4
42,5,update_cosine_distance,alpha_star,0.7999999999999999,0.20000000000000007,4
42,5,temporal_acf_distance,personalization_gain,0.7999999999999999,0.20000000000000007,4
42,5,temporal_acf_distance,alpha_star,-0.39999999999999997,0.6,4
123,1,representation_distance,personalization_gain,-0.39999999999999997,0.6,4
123,1,representation_distance,alpha_star,-0.7378647873726218,0.2621352126273781,4
123,1,update_cosine_distance,personalization_gain,-0.7999999999999999,0.20000000000000007,4
123,1,update_cosine_distance,alpha_star,-0.21081851067789195,0.7891814893221081,4
123,1,temporal_acf_distance,personalization_gain,-1.0,0.0,4
123,1,temporal_acf_distance,alpha_star,0.316227766016838,0.683772233983162,4
123,2,representation_distance,personalization_gain,0.2581988897471611,0.7418011102528389,4
123,2,representation_distance,alpha_star,0.2581988897471611,0.7418011102528389,4
123,2,update_cosine_distance,personalization_gain,0.2581988897471611,0.7418011102528389,4
123,2,update_cosine_distance,alpha_star,0.2581988897471611,0.7418011102528389,4
123,2,temporal_acf_distance,personalization_gain,0.7745966692414834,0.22540333075851657,4
123,2,temporal_acf_distance,alpha_star,0.7745966692414834,0.22540333075851657,4
123,3,representation_distance,personalization_gain,-0.7378647873726218,0.2621352126273781,4
123,3,representation_distance,alpha_star,-0.9486832980505139,0.05131670194948612,4
123,3,update_cosine_distance,personalization_gain,-0.632455532033676,0.367544467966324,4
123,3,update_cosine_distance,alpha_star,-0.21081851067789195,0.7891814893221081,4
123,3,temporal_acf_distance,personalization_gain,0.316227766016838,0.683772233983162,4
123,3,temporal_acf_distance,alpha_star,-0.316227766016838,0.683772233983162,4
123,4,representation_distance,personalization_gain,0.7999999999999999,0.20000000000000007,4
123,4,representation_distance,alpha_star,0.9486832980505139,0.05131670194948612,4
123,4,update_cosine_distance,personalization_gain,-0.39999999999999997,0.6,4
123,4,update_cosine_distance,alpha_star,-0.10540925533894598,0.894590744661054,4
123,4,temporal_acf_distance,personalization_gain,0.7999999999999999,0.20000000000000007,4
123,4,temporal_acf_distance,alpha_star,0.632455532033676,0.367544467966324,4
123,5,representation_distance,personalization_gain,-1.0,0.0,4
123,5,representation_distance,alpha_star,0.2581988897471611,0.7418011102528389,4
123,5,update_cosine_distance,personalization_gain,-0.39999999999999997,0.6,4
123,5,update_cosine_distance,alpha_star,-0.2581988897471611,0.7418011102528389,4
123,5,temporal_acf_distance,personalization_gain,-0.39999999999999997,0.6,4
123,5,temporal_acf_distance,alpha_star,-0.7745966692414834,0.22540333075851657,4
456,1,representation_distance,personalization_gain,0.7999999999999999,0.20000000000000007,4
456,1,representation_distance,alpha_star,-0.10540925533894598,0.894590744661054,4
456,1,update_cosine_distance,personalization_gain,0.7999999999999999,0.20000000000000007,4
456,1,update_cosine_distance,alpha_star,0.632455532033676,0.367544467966324,4
456,1,temporal_acf_distance,personalization_gain,0.7999999999999999,0.20000000000000007,4
456,1,temporal_acf_distance,alpha_star,0.632455532033676,0.367544467966324,4
456,2,representation_distance,personalization_gain,0.7999999999999999,0.20000000000000007,4
456,2,representation_distance,alpha_star,0.316227766016838,0.683772233983162,4
456,2,update_cosine_distance,personalization_gain,0.7999999999999999,0.20000000000000007,4
456,2,update_cosine_distance,alpha_star,0.316227766016838,0.683772233983162,4
456,2,temporal_acf_distance,personalization_gain,0.6000000000000001,0.3999999999999999,4
456,2,temporal_acf_distance,alpha_star,-0.316227766016838,0.683772233983162,4
456,3,representation_distance,personalization_gain,0.19999999999999998,0.8,4
456,3,representation_distance,alpha_star,0.39999999999999997,0.6,4
456,3,update_cosine_distance,personalization_gain,0.7999999999999999,0.20000000000000007,4
456,3,update_cosine_distance,alpha_star,1.0,0.0,4
456,3,temporal_acf_distance,personalization_gain,-0.7999999999999999,0.20000000000000007,4
456,3,temporal_acf_distance,alpha_star,-1.0,0.0,4
456,4,representation_distance,personalization_gain,-0.39999999999999997,0.6,4
456,4,representation_distance,alpha_star,0.7745966692414834,0.22540333075851657,4
456,4,update_cosine_distance,personalization_gain,0.7999999999999999,0.20000000000000007,4
456,4,update_cosine_distance,alpha_star,0.2581988897471611,0.7418011102528389,4
456,4,temporal_acf_distance,personalization_gain,0.39999999999999997,0.6,4
456,4,temporal_acf_distance,alpha_star,0.7745966692414834,0.22540333075851657,4
456,5,representation_distance,personalization_gain,-0.19999999999999998,0.8,4
456,5,representation_distance,alpha_star,-1.0,0.0,4
456,5,update_cosine_distance,personalization_gain,0.6000000000000001,0.3999999999999999,4
456,5,update_cosine_distance,alpha_star,-0.19999999999999998,0.8,4
456,5,temporal_acf_distance,personalization_gain,0.39999999999999997,0.6,4
456,5,temporal_acf_distance,alpha_star,-0.7999999999999999,0.20000000000000007,4
789,1,representation_distance,personalization_gain,1.0,0.0,4
789,1,representation_distance,alpha_star,,,4
789,1,update_cosine_distance,personalization_gain,-0.39999999999999997,0.6,4
789,1,update_cosine_distance,alpha_star,,,4
789,1,temporal_acf_distance,personalization_gain,-0.19999999999999998,0.8,4
789,1,temporal_acf_distance,alpha_star,,,4
789,2,representation_distance,personalization_gain,0.0,1.0,4
789,2,representation_distance,alpha_star,0.10540925533894598,0.894590744661054,4
789,2,update_cosine_distance,personalization_gain,-0.6000000000000001,0.3999999999999999,4
789,2,update_cosine_distance,alpha_star,0.10540925533894598,0.894590744661054,4
789,2,temporal_acf_distance,personalization_gain,-0.7999999999999999,0.20000000000000007,4
789,2,temporal_acf_distance,alpha_star,0.316227766016838,0.683772233983162,4
789,3,representation_distance,personalization_gain,0.39999999999999997,0.6,4
789,3,representation_distance,alpha_star,0.9486832980505139,0.05131670194948612,4
789,3,update_cosine_distance,personalization_gain,-0.7999999999999999,0.20000000000000007,4
789,3,update_cosine_distance,alpha_star,-0.316227766016838,0.683772233983162,4
789,3,temporal_acf_distance,personalization_gain,0.7999999999999999,0.20000000000000007,4
789,3,temporal_acf_distance,alpha_star,0.316227766016838,0.683772233983162,4
789,4,representation_distance,personalization_gain,0.6000000000000001,0.3999999999999999,4
789,4,representation_distance,alpha_star,0.21081851067789195,0.7891814893221081,4
789,4,update_cosine_distance,personalization_gain,-0.7999999999999999,0.20000000000000007,4
789,4,update_cosine_distance,alpha_star,0.316227766016838,0.683772233983162,4
789,4,temporal_acf_distance,personalization_gain,0.7999999999999999,0.20000000000000007,4
789,4,temporal_acf_distance,alpha_star,-0.10540925533894598,0.894590744661054,4
789,5,representation_distance,personalization_gain,-0.7999999999999999,0.20000000000000007,4
789,5,representation_distance,alpha_star,-0.6000000000000001,0.3999999999999999,4
789,5,update_cosine_distance,personalization_gain,-0.39999999999999997,0.6,4
789,5,update_cosine_distance,alpha_star,0.19999999999999998,0.8,4
789,5,temporal_acf_distance,personalization_gain,-0.6000000000000001,0.3999999999999999,4
789,5,temporal_acf_distance,alpha_star,-0.7999999999999999,0.20000000000000007,4
2026,1,representation_distance,personalization_gain,0.39999999999999997,0.6,4
2026,1,representation_distance,alpha_star,0.316227766016838,0.683772233983162,4
2026,1,update_cosine_distance,personalization_gain,-0.6000000000000001,0.3999999999999999,4
2026,1,update_cosine_distance,alpha_star,0.9486832980505139,0.05131670194948612,4
2026,1,temporal_acf_distance,personalization_gain,-0.39999999999999997,0.6,4
2026,1,temporal_acf_distance,alpha_star,0.632455532033676,0.367544467966324,4
2026,2,representation_distance,personalization_gain,0.7999999999999999,0.20000000000000007,4
2026,2,representation_distance,alpha_star,-0.39999999999999997,0.6,4
2026,2,update_cosine_distance,personalization_gain,0.39999999999999997,0.6,4
2026,2,update_cosine_distance,alpha_star,-0.19999999999999998,0.8,4
2026,2,temporal_acf_distance,personalization_gain,0.7999999999999999,0.20000000000000007,4
2026,2,temporal_acf_distance,alpha_star,-0.39999999999999997,0.6,4
2026,3,representation_distance,personalization_gain,0.39999999999999997,0.6,4
2026,3,representation_distance,alpha_star,-0.19999999999999998,0.8,4
2026,3,update_cosine_distance,personalization_gain,-0.19999999999999998,0.8,4
2026,3,update_cosine_distance,alpha_star,0.39999999999999997,0.6,4
2026,3,temporal_acf_distance,personalization_gain,-0.19999999999999998,0.8,4
2026,3,temporal_acf_distance,alpha_star,-0.39999999999999997,0.6,4
2026,4,representation_distance,personalization_gain,-0.19999999999999998,0.8,4
2026,4,representation_distance,alpha_star,-0.9486832980505139,0.05131670194948612,4
2026,4,update_cosine_distance,personalization_gain,-0.6000000000000001,0.3999999999999999,4
2026,4,update_cosine_distance,alpha_star,-0.10540925533894598,0.894590744661054,4
2026,4,temporal_acf_distance,personalization_gain,1.0,0.0,4
2026,4,temporal_acf_distance,alpha_star,0.316227766016838,0.683772233983162,4
2026,5,representation_distance,personalization_gain,-0.7999999999999999,0.20000000000000007,4
2026,5,representation_distance,alpha_star,-0.9486832980505139,0.05131670194948612,4
2026,5,update_cosine_distance,personalization_gain,0.19999999999999998,0.8,4
2026,5,update_cosine_distance,alpha_star,0.316227766016838,0.683772233983162,4
2026,5,temporal_acf_distance,personalization_gain,-0.39999999999999997,0.6,4
2026,5,temporal_acf_distance,alpha_star,-0.316227766016838,0.683772233983162,4
