partition,metric,n_alpha,spearman_rho_alpha_star,p_value_alpha_star,n_gain,spearman_rho_personalization_gain,p_value_personalization_gain
iid,label_js,20,-0.10293498572043647,0.6658514680396392,20,0.023579324756755782,0.9213976953135969
iid,temporal_acf_distance,20,0.08709883407113854,0.715012794097238,20,-0.003929887459459297,0.986880727118865
iid,representation_distance,20,-0.21723774091092832,0.35756456391892943,20,-0.2049706013712241,0.3860015979051623
iid,update_cosine_distance,20,-0.06448046019971017,0.7870998882585118,20,-0.14706069169013475,0.5361095138448639
iid,parameter_distance,20,0.27864770300589037,0.2341821048496464,20,0.35812707302778934,0.12104224025287909
subject,label_js,20,-0.2282863110528041,0.333016839360045,20,0.16293027771115431,0.4925002555401977
subject,temporal_acf_distance,20,-0.24403019457368708,0.2998070628037637,20,0.03491363093810449,0.8838197860061829
subject,representation_distance,20,-0.42965458753991626,0.0586699119242913,20,-0.6491162550057258,0.0019565452979558766
subject,update_cosine_distance,20,0.36783927387964416,0.11057018926720776,20,-0.027077850730250444,0.90977787314296
subject,parameter_distance,20,-0.260997991010038,0.26636801700557544,20,0.30161717063417853,0.19622970282553034
