partition,round,client_id,alpha,validation_loss,validation_accuracy,official_test_accuracy_at_alpha0
iid,1,0,0.0,1.792868485892501,0.24250681198910082,
iid,1,0,0.1,1.786643365423426,0.2452316076294278,
iid,1,0,0.2,1.7798738573812334,0.2452316076294278,
iid,1,0,0.3,1.7724666614948241,0.2452316076294278,
iid,1,0,0.4,1.7643070233940104,0.2506811989100817,
iid,1,0,0.5,1.7552522515081255,0.26430517711171664,
iid,1,0,0.6,1.745123656309268,0.34332425068119893,
iid,1,0,0.7,1.7336947982902422,0.40599455040871935,
iid,1,0,0.8,1.7206763149282263,0.4822888283378747,
iid,1,0,0.9,1.7056985557566546,0.5204359673024523,
iid,1,0,1.0,1.6882937042199948,0.5149863760217984,
iid,1,1,0.0,1.7929315612491534,0.24795640326975477,
iid,1,1,0.1,1.7869702161820122,0.23705722070844687,
iid,1,1,0.2,1.7804772334137795,0.22615803814713897,
iid,1,1,0.3,1.7733603540493292,0.21798365122615804,
iid,1,1,0.4,1.765506468611777,0.22888283378746593,
iid,1,1,0.5,1.7567759875705522,0.23160762942779292,
iid,1,1,0.6,1.7469950300471335,0.24795640326975477,
iid,1,1,0.7,1.7359457655888488,0.3569482288828338,
iid,1,1,0.8,1.7233546368107808,0.43869209809264303,
iid,1,1,0.9,1.708879642655479,0.46321525885558584,
iid,1,1,1.0,1.6921023909987156,0.44686648501362397,
iid,1,2,0.0,1.7891930094856656,0.2615803814713896,
iid,1,2,0.1,1.784258185030654,0.24250681198910082,
iid,1,2,0.2,1.7788461849540067,0.23160762942779292,
iid,1,2,0.3,1.7728694933961457,0.22615803814713897,
iid,1,2,0.4,1.766218518691102,0.22888283378746593,
iid,1,2,0.5,1.7587548309191046,0.23433242506811988,
iid,1,2,0.6,1.750301164567308,0.29155313351498635,
iid,1,2,0.7,1.7406277399946624,0.35967302452316074,
iid,1,2,0.8,1.7294339026027545,0.3896457765667575,
iid,1,2,0.9,1.7163276643129395,0.39509536784741145,
iid,1,2,1.0,1.7008101199563257,0.43869209809264303,
iid,1,3,0.0,1.7911650549813252,0.26430517711171664,
iid,1,3,0.1,1.7856948417928629,0.26430517711171664,
iid,1,3,0.2,1.7796844133564171,0.2670299727520436,
iid,1,3,0.3,1.7730317966814586,0.2670299727520436,
iid,1,3,0.4,1.7656085939433335,0.26975476839237056,
iid,1,3,0.5,1.7572503002203128,0.3133514986376022,
iid,1,3,0.6,1.747743194694415,0.4196185286103542,
iid,1,3,0.7,1.7368063624613292,0.4305177111716621,
iid,1,3,0.8,1.724065982678281,0.444141689373297,
iid,1,3,0.9,1.7090250360868282,0.44959128065395093,
iid,1,3,1.0,1.6910417849751194,0.5040871934604905,
iid,2,0,0.0,1.6858409480762742,0.5040871934604905,
iid,2,0,0.1,1.661312959499515,0.5340599455040872,
iid,2,0,0.2,1.6281718723780452,0.5177111716621253,
iid,2,0,0.3,1.584262510736242,0.4822888283378747,
iid,2,0,0.4,1.5326205868811957,0.4550408719346049,
iid,2,0,0.5,1.4833170896654884,0.4332425068119891,
iid,2,0,0.6,1.4463059275286725,0.4141689373297003,
iid,2,0,0.7,1.4220041030109416,0.4032697547683924,
iid,2,0,0.8,1.4067175346109457,0.3978201634877384,
iid,2,0,0.9,1.397694400935472,0.3978201634877384,
iid,2,0,1.0,1.3932408230830928,0.3978201634877384,
iid,2,1,0.0,1.6888446375849462,0.49591280653950953,
iid,2,1,0.1,1.6639562630848275,0.4986376021798365,
iid,2,1,0.2,1.6301959986907584,0.47411444141689374,
iid,2,1,0.3,1.585699863589752,0.44959128065395093,
iid,2,1,0.4,1.5335496238531794,0.44686648501362397,
iid,2,1,0.5,1.4810582730685657,0.4087193460490463,
iid,2,1,0.6,1.438124596260549,0.3760217983651226,
iid,2,1,0.7,1.414142561868361,0.37057220708446864,
iid,2,1,0.8,1.4004737167982055,0.3651226158038147,
iid,2,1,0.9,1.3946404713700837,0.3651226158038147,
iid,2,1,1.0,1.397103935886144,0.36239782016348776,
iid,2,2,0.0,1.7038173828202956,0.46866485013623976,
iid,2,2,0.1,1.6849574951774742,0.4768392370572207,
iid,2,2,0.2,1.659660958789025,0.4713896457765668,
iid,2,2,0.3,1.6258699179345322,0.45231607629427795,
iid,2,2,0.4,1.5848023043666288,0.43869209809264303,
iid,2,2,0.5,1.543088264946067,0.4141689373297003,
iid,2,2,0.6,1.5092745320998355,0.3923705722070845,
iid,2,2,0.7,1.4903130336418464,0.3814713896457766,
iid,2,2,0.8,1.480673566176391,0.3760217983651226,
iid,2,2,0.9,1.4783696046642127,0.3760217983651226,
iid,2,2,1.0,1.4796762927676417,0.3651226158038147,
iid,2,3,0.0,1.6945115639663197,0.49318801089918257,
iid,2,3,0.1,1.6736073344539881,0.49591280653950953,
iid,2,3,0.2,1.6457899740671267,0.49591280653950953,
iid,2,3,0.3,1.6091847172874845,0.48501362397820164,
iid,2,3,0.4,1.5645153223656179,0.46321525885558584,
iid,2,3,0.5,1.5164457670024696,0.4087193460490463,
iid,2,3,0.6,1.4754508811706417,0.3869209809264305,
iid,2,3,0.7,1.4551292183613582,0.3651226158038147,
iid,2,3,0.8,1.4564462981366981,0.3569482288828338,
iid,2,3,0.9,1.4666812959094138,0.3569482288828338,
iid,2,3,1.0,1.4727280464744048,0.3542234332425068,
iid,3,0,0.0,1.3882934238345486,0.3978201634877384,
iid,3,0,0.1,1.3842503322892359,0.3978201634877384,
iid,3,0,0.2,1.381979043542202,0.3923705722070845,
iid,3,0,0.3,1.3787459248742875,0.3923705722070845,
iid,3,0,0.4,1.3761207170642364,0.3923705722070845,
iid,3,0,0.5,1.3731589534951816,0.3923705722070845,
iid,3,0,0.6,1.370210461135781,0.3923705722070845,
iid,3,0,0.7,1.3668978993834202,0.3923705722070845,
iid,3,0,0.8,1.363702968940423,0.3923705722070845,
iid,3,0,0.9,1.3606299275598344,0.3923705722070845,
iid,3,0,1.0,1.3576860924832503,0.3923705722070845,
iid,3,1,0.0,1.4003298237148358,0.37057220708446864,
iid,3,1,0.1,1.3940532964321832,0.3651226158038147,
iid,3,1,0.2,1.387285466739852,0.3651226158038147,
iid,3,1,0.3,1.3799719167340354,0.36239782016348776,
iid,3,1,0.4,1.3731455377402033,0.36239782016348776,
iid,3,1,0.5,1.3671872112341732,0.36239782016348776,
iid,3,1,0.6,1.361022861192272,0.36239782016348776,
iid,3,1,0.7,1.3546779902819392,0.36239782016348776,
iid,3,1,0.8,1.3440452456799126,0.36239782016348776,
iid,3,1,0.9,1.3378314396990743,0.36239782016348776,
iid,3,1,1.0,1.33462449900136,0.36239782016348776,
iid,3,2,0.0,1.4717737192678841,0.35967302452316074,
iid,3,2,0.1,1.4671978843309574,0.35967302452316074,
iid,3,2,0.2,1.4614972788891285,0.3569482288828338,
iid,3,2,0.3,1.4563091733475146,0.3542234332425068,
iid,3,2,0.4,1.4494979137945565,0.35149863760217986,
iid,3,2,0.5,1.4433862610798767,0.35149863760217986,
iid,3,2,0.6,1.436760405428728,0.34877384196185285,
iid,3,2,0.7,1.4315636859602758,0.34877384196185285,
iid,3,2,0.8,1.4191825107267833,0.34877384196185285,
iid,3,2,0.9,1.415835341250864,0.34877384196185285,
iid,3,2,1.0,1.4065428286872053,0.34877384196185285,
iid,3,3,0.0,1.411344343699941,0.3569482288828338,
iid,3,3,0.1,1.4048495909823384,0.3569482288828338,
iid,3,3,0.2,1.3974529179955049,0.3569482288828338,
iid,3,3,0.3,1.389557124808309,0.35149863760217986,
iid,3,3,0.4,1.3797612044077154,0.35149863760217986,
iid,3,3,0.5,1.3722325781060825,0.35149863760217986,
iid,3,3,0.6,1.3607432650610276,0.35149863760217986,
iid,3,3,0.7,1.3484850313098293,0.35149863760217986,
iid,3,3,0.8,1.3380538920290788,0.35149863760217986,
iid,3,3,0.9,1.3281530138582234,0.35149863760217986,
iid,3,3,1.0,1.325860277183699,0.35149863760217986,
iid,4,0,0.0,1.3357016822622647,0.3923705722070845,
iid,4,0,0.1,1.3198903763326701,0.3923705722070845,
iid,4,0,0.2,1.3164143633777503,0.3923705722070845,
iid,4,0,0.3,1.3069197274033966,0.3923705722070845,
iid,4,0,0.4,1.287242833210272,0.3923705722070845,
iid,4,0,0.5,1.257855369544484,0.45776566757493187,
iid,4,0,0.6,1.218634686612953,0.4904632152588556,
iid,4,0,0.7,1.1859314051895766,0.5122615803814714,
iid,4,0,0.8,1.196429161674645,0.4986376021798365,
iid,4,0,0.9,1.2126202921126779,0.49318801089918257,
iid,4,0,1.0,1.2924198652807959,0.45776566757493187,
iid,4,1,0.0,1.3411212506671042,0.36239782016348776,
iid,4,1,0.1,1.3340933953059142,0.36239782016348776,
iid,4,1,0.2,1.3258086387727825,0.36239782016348776,
iid,4,1,0.3,1.3083386934420718,0.36239782016348776,
iid,4,1,0.4,1.2951708155042143,0.36239782016348776,
iid,4,1,0.5,1.2781267708588686,0.3978201634877384,
iid,4,1,0.6,1.2458341202878822,0.4305177111716621,
iid,4,1,0.7,1.227131758788626,0.44686648501362397,
iid,4,1,0.8,1.2036366469203938,0.45776566757493187,
iid,4,1,0.9,1.1942332271659082,0.4604904632152589,
iid,4,1,1.0,1.1962655727480023,0.46321525885558584,
iid,4,2,0.0,1.4175351536566294,0.34877384196185285,
iid,4,2,0.1,1.4092530457135442,0.34877384196185285,
iid,4,2,0.2,1.4016826097581951,0.34877384196185285,
iid,4,2,0.3,1.3915602391032498,0.34877384196185285,
iid,4,2,0.4,1.3685581563928797,0.34877384196185285,
iid,4,2,0.5,1.3413210269215972,0.4223433242506812,
iid,4,2,0.6,1.3261050762207696,0.42779291553133514,
iid,4,2,0.7,1.3115382730473615,0.43869209809264303,
iid,4,2,0.8,1.2895165090664855,0.45231607629427795,
iid,4,2,0.9,1.3178028803755217,0.44141689373297005,
iid,4,2,1.0,1.34400444329597,0.3978201634877384,
iid,4,3,0.0,1.3422769077467334,0.35149863760217986,
iid,4,3,0.1,1.336378280408376,0.35149863760217986,
iid,4,3,0.2,1.330021564902012,0.35149863760217986,
iid,4,3,0.3,1.3233672542857864,0.35149863760217986,
iid,4,3,0.4,1.3157314646796245,0.35149863760217986,
iid,4,3,0.5,1.3028852400402933,0.35149863760217986,
iid,4,3,0.6,1.2823903118881932,0.41689373297002724,
iid,4,3,0.7,1.248655574198315,0.43869209809264303,
iid,4,3,0.8,1.2267533215904756,0.44959128065395093,
iid,4,3,0.9,1.20742760854456,0.45776566757493187,
iid,4,3,1.0,1.202891693777869,0.4550408719346049,
iid,5,0,0.0,1.175262737663955,0.4877384196185286,
iid,5,0,0.1,1.201037002844122,0.46866485013623976,
iid,5,0,0.2,1.1989879806295078,0.4659400544959128,
iid,5,0,0.3,1.206092645426862,0.4604904632152589,
iid,5,0,0.4,1.2260712784707384,0.44686648501362397,
iid,5,0,0.5,1.2227468773194814,0.44959128065395093,
iid,5,0,0.6,1.2323795540781046,0.444141689373297,
iid,5,0,0.7,1.2611804255347812,0.4305177111716621,
iid,5,0,0.8,1.2712017544608676,0.4250681198910082,
iid,5,0,0.9,1.2814768666467484,0.4196185286103542,
iid,5,0,1.0,1.287247184836572,0.41689373297002724,
iid,5,1,0.0,1.1998033624254065,0.45231607629427795,
iid,5,1,0.1,1.196882942392001,0.44959128065395093,
iid,5,1,0.2,1.1941056352220374,0.44686648501362397,
iid,5,1,0.3,1.1823198918750566,0.45231607629427795,
iid,5,1,0.4,1.1763465336298098,0.45231607629427795,
iid,5,1,0.5,1.1749746179060976,0.45231607629427795,
iid,5,1,0.6,1.1755055767313987,0.45231607629427795,
iid,5,1,0.7,1.1768401705276739,0.45231607629427795,
iid,5,1,0.8,1.1769736381577536,0.44959128065395093,
iid,5,1,0.9,1.179049193371869,0.44959128065395093,
iid,5,1,1.0,1.1824959116995497,0.44959128065395093,
iid,5,2,0.0,1.2647497137495867,0.44959128065395093,
iid,5,2,0.1,1.260061066546947,0.4550408719346049,
iid,5,2,0.2,1.25656219496714,0.4604904632152589,
iid,5,2,0.3,1.249502810535379,0.4659400544959128,
iid,5,2,0.4,1.2510426028223063,0.4659400544959128,
iid,5,2,0.5,1.2484321178467461,0.49591280653950953,
iid,5,2,0.6,1.2483535637972465,0.4904632152588556,
iid,5,2,0.7,1.2481606672505268,0.45776566757493187,
iid,5,2,0.8,1.2460147938221613,0.44959128065395093,
iid,5,2,0.9,1.244567181498868,0.43869209809264303,
iid,5,2,1.0,1.2487681928707404,0.44141689373297005,
iid,5,3,0.0,1.1691497781945834,0.4768392370572207,
iid,5,3,0.1,1.1632479948958518,0.47956403269754766,
iid,5,3,0.2,1.1588927234550912,0.47956403269754766,
iid,5,3,0.3,1.1594621150954867,0.47956403269754766,
iid,5,3,0.4,1.1571752943849694,0.4822888283378747,
iid,5,3,0.5,1.1557341703602013,0.4822888283378747,
iid,5,3,0.6,1.1540547943894806,0.49591280653950953,
iid,5,3,0.7,1.153064106725542,0.5040871934604905,
iid,5,3,0.8,1.1440703862369548,0.5258855585831063,
iid,5,3,0.9,1.1431652028164356,0.5231607629427792,
iid,5,3,1.0,1.1420683639900562,0.5177111716621253,
