round,metric,outcome,spearman_rho,p_value,n_clients
1,representation_distance,personalization_gain,0.7999999999999999,0.20000000000000007,4
1,representation_distance,alpha_star,0.39999999999999997,0.6,4
1,update_cosine_distance,personalization_gain,0.39999999999999997,0.6,4
1,update_cosine_distance,alpha_star,0.7999999999999999,0.20000000000000007,4
1,temporal_acf_distance,personalization_gain,0.7999999999999999,0.20000000000000007,4
1,temporal_acf_distance,alpha_star,0.39999999999999997,0.6,4
2,representation_distance,personalization_gain,-0.7999999999999999,0.20000000000000007,4
2,representation_distance,alpha_star,-0.632455532033676,0.367544467966324,4
2,update_cosine_distance,personalization_gain,-0.19999999999999998,0.8,4
2,update_cosine_distance,alpha_star,0.316227766016838,0.683772233983162,4
2,temporal_acf_distance,personalization_gain,-0.19999999999999998,0.8,4
2,temporal_acf_distance,alpha_star,0.316227766016838,0.683772233983162,4
3,representation_distance,personalization_gain,-0.9486832980505139,0.05131670194948612,4
3,representation_distance,alpha_star,-0.9486832980505139,0.05131670194948612,4
3,update_cosine_distance,personalization_gain,0.10540925533894598,0.894590744661054,4
3,update_cosine_distance,alpha_star,0.10540925533894598,0.894590744661054,4
3,temporal_acf_distance,personalization_gain,-0.316227766016838,0.683772233983162,4
3,temporal_acf_distance,alpha_star,-0.316227766016838,0.683772233983162,4
4,representation_distance,personalization_gain,-0.19999999999999998,0.8,4
4,representation_distance,alpha_star,-0.2581988897471611,0.7418011102528389,4
4,update_cosine_distance,personalization_gain,1.0,0.0,4
4,update_cosine_distance,alpha_star,0.2581988897471611,0.7418011102528389,4
4,temporal_acf_distance,personalization_gain,-0.39999999999999997,0.6,4
4,temporal_acf_distance,alpha_star,-0.7745966692414834,0.22540333075851657,4
5,representation_distance,personalization_gain,1.0,0.0,4
5,representation_distance,alpha_star,-0.19999999999999998,0.8,4
5,update_cosine_distance,personalization_gain,-0.39999999999999997,0.6,4
5,update_cosine_distance,alpha_star,0.7999999999999999,0.20000000000000007,4
5,temporal_acf_distance,personalization_gain,0.7999999999999999,0.20000000000000007,4
5,temporal_acf_distance,alpha_star,-0.39999999999999997,0.6,4
